id,po_header_id,line_num,item_number,description,quantity,uom,unit_price,line_total,need_by_date,x_confirmed_date,status
90000-1,90000,1,SKU-TX-330,Cotton Fabric Roll,775,MTR,600.95,68528.77,07/07/2026,,received
90000-2,90000,2,SKU-MT-101,Aluminium Ingot,637,TON,2248.04,117031.65,2026-08-09 00:00:00,,issued
90000-3,90000,3,SKU-PL-220,HDPE Pellets,48,KG,779.08,9900.65,2026-08-09 00:00:00,,received
90001-1,90001,1,SKU-CE-500,Ceramic Tile,396,M2,3886.9,6982.04,2026-06-21 00:00:00,,received
90001-2,90001,2,SKU-AGG-220,Crushed Aggregate 20mm,630,TON,2146.4,22631.4,2026-06-26 00:00:00,,received
90001-3,90001,3,SKU-TC-090,Timber Panel,740,M3,2933.97,72968.97,Jul 18 2026,,received
90002-1,90002,1,SKU-CE-500,Ceramic Tile,135,M2,1847.97,99564.59,2026-07-09 00:00:00,,issued
90002-2,90002,2,SKU-FS-055,Hex Bolt M12,778,EA,3720.83,71767.79,2026-08-02 00:00:00,,received
90002-3,90002,3,SKU-AGG-220,Crushed Aggregate 20mm,48,TON,2693.2,61445.83,Jul 04 2026,,backordered
90003-1,90003,1,SKU-PK-770,Corrugated Carton,92,EA,1012.76,84836.46,2026-07-28 00:00:00,,issued
90003-2,90003,2,SKU-CEM-101,Portland Cement Type I,472,TON,326.63,137249.86,2026-08-02 00:00:00,,received
90003-3,90003,3,SKU-FS-055,Hex Bolt M12,640,EA,227.49,46027.74,2026-07-02 00:00:00,,received
90004-1,90004,1,SKU-WR-410,Copper Wire 2.5mm,348,MTR,3161.04,16322.98,30/06/2026,,received
90005-1,90005,1,SKU-EL-440,Circuit Board Assy,604,EA,1464.18,29197.41,2026-07-07 00:00:00,,backordered
90005-2,90005,2,SKU-CP-330,Cast Part 330,465,EA,1254.91,121841.15,2026-07-09 00:00:00,,received
90005-3,90005,3,SKU-PK-770,Corrugated Carton,708,EA,796.29,53518.67,2026-08-08 00:00:00,,received
90006-1,90006,1,SKU-CEM-101,Portland Cement Type I,534,TON,675.02,72631.89,2026-06-30 00:00:00,,issued
90007-1,90007,1,SKU-TC-090,Timber Panel,302,M3,2719.07,11721.31,2026-07-10 00:00:00,,issued
90007-2,90007,2,SKU-RB-201,Rubber Gasket,461,EA,956.76,139591.62,2026-08-05 00:00:00,,issued
90007-3,90007,3,SKU-TX-330,Cotton Fabric Roll,35,MTR,340.29,111973.78,24/07/2026,,received
90008-1,90008,1,SKU-CEM-101,Portland Cement Type I,509,TON,2028.39,143800.85,2026-08-06 00:00:00,,issued
90008-2,90008,2,SKU-MT-101,Aluminium Ingot,115,TON,3131.61,12237.62,2026-07-21 00:00:00,,issued
90008-3,90008,3,SKU-AGG-220,Crushed Aggregate 20mm,310,TON,1507.36,116636.71,2026-07-08 00:00:00,,backordered
90009-1,90009,1,SKU-FS-055,Hex Bolt M12,326,EA,1113.18,93153.84,Jul 09 2026,,received
90010-1,90010,1,SKU-PK-770,Corrugated Carton,542,EA,2077.36,95702.81,2026-06-20 00:00:00,,received
90010-2,90010,2,SKU-PL-220,HDPE Pellets,683,KG,2993.75,8130.87,2026-07-18 00:00:00,,issued
90011-1,90011,1,SKU-CEM-101,Portland Cement Type I,70,TON,2393.87,104170.82,2026-08-07 00:00:00,,issued
90011-2,90011,2,SKU-CE-500,Ceramic Tile,339,M2,2404.93,80492.52,2026-07-10 00:00:00,,issued
90012-1,90012,1,SKU-RB-201,Rubber Gasket,368,EA,2558.01,120950.85,2026-08-02 00:00:00,,backordered
90012-2,90012,2,SKU-STL-014,Steel Rebar 12mm,26,TON,3903.15,121167.64,2026-06-20 00:00:00,,received
90013-1,90013,1,SKU-CEM-101,Portland Cement Type I,484,TON,3833.22,58827.93,2026-08-12 00:00:00,,received
90014-1,90014,1,SKU-CP-330,Cast Part 330,284,EA,3401.12,65808.15,2026-08-10 00:00:00,,issued
90015-1,90015,1,SKU-PK-770,Corrugated Carton,775,EA,3043.01,30351.11,30/06/2026,,received
90016-1,90016,1,SKU-RB-201,Rubber Gasket,307,EA,486.67,36284.5,2026-07-02 00:00:00,,issued
90016-2,90016,2,SKU-CEM-101,Portland Cement Type I,375,TON,3774.23,20226.55,2026-07-02 00:00:00,,received
90017-1,90017,1,SKU-CP-330,Cast Part 330,235,EA,255.41,109211.31,2026-08-03 00:00:00,,backordered
90017-2,90017,2,SKU-PL-220,HDPE Pellets,736,KG,1208.01,41280.85,2026-08-06 00:00:00,,received
90017-3,90017,3,SKU-MT-101,Aluminium Ingot,773,TON,607.38,54109.88,2026-07-28 00:00:00,,issued
90018-1,90018,1,SKU-PK-770,Corrugated Carton,205,EA,3460.95,135960.46,2026-08-05 00:00:00,,issued
90018-2,90018,2,SKU-CEM-101,Portland Cement Type I,457,TON,3982.08,76378.63,2026-07-28 00:00:00,,issued
90018-3,90018,3,SKU-RM-330,Raw Gypsum,83,TON,1570.56,95509.64,2026-07-15 00:00:00,,backordered
90019-1,90019,1,SKU-WR-410,Copper Wire 2.5mm,396,MTR,525.1,67333.8,2026-06-21 00:00:00,,issued
90020-1,90020,1,SKU-RM-330,Raw Gypsum,687,TON,657.29,100164.09,27/07/2026,,received
90020-2,90020,2,SKU-MT-101,Aluminium Ingot,635,TON,880.62,44072.85,08/08/2026,,received
90020-3,90020,3,SKU-EL-440,Circuit Board Assy,704,EA,3888.7,17076.93,2026-07-03 00:00:00,,issued
90021-1,90021,1,SKU-WR-410,Copper Wire 2.5mm,571,MTR,241.27,137460.72,2026-06-29 00:00:00,,received
90022-1,90022,1,SKU-PK-770,Corrugated Carton,311,EA,2319.31,113259.89,2026-07-27 00:00:00,,received
90022-2,90022,2,SKU-EL-440,Circuit Board Assy,385,EA,790.37,117849.26,2026-07-14 00:00:00,,backordered
90022-3,90022,3,SKU-RM-330,Raw Gypsum,403,TON,3901.38,105547.69,2026-07-14 00:00:00,,issued
90023-1,90023,1,SKU-CE-500,Ceramic Tile,74,M2,3265.19,93548.89,2026-07-21 00:00:00,,backordered
90023-2,90023,2,SKU-FS-055,Hex Bolt M12,58,EA,1341.48,106658.85,2026-07-10 00:00:00,,issued
90024-1,90024,1,SKU-CEM-101,Portland Cement Type I,235,TON,219.21,109111.51,2026-07-08 00:00:00,,issued
90024-2,90024,2,SKU-TX-330,Cotton Fabric Roll,698,MTR,3685.44,76284.77,2026-08-13 00:00:00,,issued
90024-3,90024,3,SKU-FS-055,Hex Bolt M12,625,EA,1337.68,116516.28,2026-06-20 00:00:00,,issued
90025-1,90025,1,SKU-TX-330,Cotton Fabric Roll,708,MTR,2652.19,34291.35,30/07/2026,,received
90026-1,90026,1,SKU-PL-220,HDPE Pellets,675,KG,3561.92,24556.27,2026-08-11 00:00:00,,backordered
90026-2,90026,2,SKU-PK-770,Corrugated Carton,308,EA,2043.61,132454.7,2026-07-08 00:00:00,,backordered
90026-3,90026,3,SKU-CP-330,Cast Part 330,196,EA,534.4,6734.76,2026-08-03 00:00:00,,issued
90027-1,90027,1,SKU-CP-330,Cast Part 330,673,EA,869.39,26285.3,Jun 24 2026,,received
90028-1,90028,1,SKU-FS-055,Hex Bolt M12,195,EA,277.28,45787.12,2026-07-08 00:00:00,,issued
90029-1,90029,1,SKU-CEM-101,Portland Cement Type I,427,TON,2916.57,45503.56,2026-08-09 00:00:00,,received
90029-2,90029,2,SKU-TX-330,Cotton Fabric Roll,685,MTR,2917.33,61190.32,2026-08-04 00:00:00,,received
90029-3,90029,3,SKU-CP-330,Cast Part 330,283,EA,455.4,30437.53,2026-07-22 00:00:00,,issued
90030-1,90030,1,SKU-CEM-101,Portland Cement Type I,97,TON,2221.87,15522.85,2026-07-28 00:00:00,,received
90030-2,90030,2,SKU-RM-330,Raw Gypsum,679,TON,821.39,55526.27,2026-07-21 00:00:00,,issued
90031-1,90031,1,SKU-CH-012,Industrial Solvent,34,LTR,2291.48,21470.1,2026-07-13 00:00:00,,issued
90031-2,90031,2,SKU-TC-090,Timber Panel,242,M3,184.2,69666.32,2026-06-29 00:00:00,,received
90031-3,90031,3,SKU-TC-090,Timber Panel,197,M3,3413.37,49582.45,2026-08-05 00:00:00,,received
90032-1,90032,1,SKU-TX-330,Cotton Fabric Roll,721,MTR,2570.87,147046.98,2026-07-03 00:00:00,,backordered
90032-2,90032,2,SKU-CE-500,Ceramic Tile,757,M2,347.53,82310.05,2026-07-21 00:00:00,,backordered
90032-3,90032,3,SKU-FS-055,Hex Bolt M12,374,EA,2549.97,71281.34,2026-07-04 00:00:00,,issued
90033-1,90033,1,SKU-TC-090,Timber Panel,459,M3,2151.74,98848.31,2026-06-28 00:00:00,,backordered
90033-2,90033,2,SKU-TC-090,Timber Panel,206,M3,3800.9,51942.5,2026-07-28 00:00:00,,issued
90033-3,90033,3,SKU-EL-440,Circuit Board Assy,519,EA,830.74,114801.56,2026-07-27 00:00:00,,received
90034-1,90034,1,SKU-CE-500,Ceramic Tile,751,M2,1027.49,128172.08,2026-06-28 00:00:00,,received
90034-2,90034,2,SKU-FS-055,Hex Bolt M12,727,EA,449.05,67832.67,2026-07-08 00:00:00,,issued
90034-3,90034,3,SKU-FS-055,Hex Bolt M12,314,EA,3825.55,34183.26,Jun 27 2026,,received
90035-1,90035,1,SKU-RB-201,Rubber Gasket,200,EA,2855.11,81698.57,2026-07-30 00:00:00,,backordered
90035-2,90035,2,SKU-WR-410,Copper Wire 2.5mm,147,MTR,2687.61,61736.0,2026-06-27 00:00:00,,issued
90036-1,90036,1,SKU-MT-101,Aluminium Ingot,68,TON,1930.51,47859.05,2026-07-10 00:00:00,,backordered
90037-1,90037,1,SKU-CH-012,Industrial Solvent,500,LTR,2613.3,127333.23,2026-08-08 00:00:00,,issued
90038-1,90038,1,SKU-CEM-101,Portland Cement Type I,549,TON,2321.31,68433.99,2026-08-11 00:00:00,,received
90038-2,90038,2,SKU-CH-012,Industrial Solvent,576,LTR,2509.55,127026.77,Aug 10 2026,,received
90038-3,90038,3,SKU-FS-055,Hex Bolt M12,203,EA,821.23,51690.97,2026-07-31 00:00:00,,received
90039-1,90039,1,SKU-EL-440,Circuit Board Assy,590,EA,1746.37,133519.85,2026-06-26 00:00:00,,received
90039-2,90039,2,SKU-CEM-101,Portland Cement Type I,567,TON,1711.58,25739.84,2026-08-12 00:00:00,,backordered
90040-1,90040,1,SKU-TC-090,Timber Panel,210,M3,1119.12,101108.93,21/07/2026,,issued
90040-2,90040,2,SKU-PL-220,HDPE Pellets,231,KG,2992.68,6363.12,27/06/2026,,backordered
90041-1,90041,1,SKU-RB-201,Rubber Gasket,494,EA,2469.3,7839.9,2026-07-05 00:00:00,,backordered
90042-1,90042,1,SKU-FS-055,Hex Bolt M12,126,EA,655.37,67119.79,2026-07-03 00:00:00,,issued
90042-2,90042,2,SKU-RM-330,Raw Gypsum,464,TON,3497.09,30453.99,2026-07-01 00:00:00,,backordered
90042-3,90042,3,SKU-RB-201,Rubber Gasket,110,EA,1280.35,10643.3,2026-07-05 00:00:00,,issued
90043-1,90043,1,SKU-RB-201,Rubber Gasket,204,EA,2868.46,104147.82,2026-07-11 00:00:00,,received
90044-1,90044,1,SKU-EL-440,Circuit Board Assy,738,EA,436.96,123644.45,2026-06-20 00:00:00,,received
90044-2,90044,2,SKU-TX-330,Cotton Fabric Roll,561,MTR,2369.6,70183.8,2026-07-18 00:00:00,,backordered
90044-3,90044,3,SKU-TX-330,Cotton Fabric Roll,590,MTR,3176.56,147527.99,2026-07-19 00:00:00,,issued
90045-1,90045,1,SKU-CEM-101,Portland Cement Type I,318,TON,3364.14,33156.11,2026-07-25 00:00:00,,issued
90045-2,90045,2,SKU-CH-012,Industrial Solvent,244,LTR,3753.25,59709.54,Jul 07 2026,,backordered
90045-3,90045,3,SKU-CE-500,Ceramic Tile,92,M2,186.93,43564.38,2026-07-26 00:00:00,,issued
90046-1,90046,1,SKU-TC-090,Timber Panel,699,M3,728.19,42636.4,Aug 02 2026,,issued
90047-1,90047,1,SKU-RB-201,Rubber Gasket,47,EA,1209.46,115793.31,2026-07-27 00:00:00,,received
90047-2,90047,2,SKU-CH-012,Industrial Solvent,245,LTR,1663.39,12341.73,2026-07-30 00:00:00,,received
90048-1,90048,1,SKU-FS-055,Hex Bolt M12,648,EA,932.1,61975.11,2026-08-08 00:00:00,,received
90049-1,90049,1,SKU-PL-220,HDPE Pellets,294,KG,1440.78,118814.54,2026-06-20 00:00:00,,issued
90049-2,90049,2,SKU-CE-500,Ceramic Tile,566,M2,3720.49,16327.89,2026-07-13 00:00:00,,backordered
90050-1,90050,1,SKU-AGG-220,Crushed Aggregate 20mm,781,TON,1887.12,132787.27,Jun 27 2026,,backordered
90050-2,90050,2,SKU-WR-410,Copper Wire 2.5mm,287,MTR,411.78,132110.49,2026-08-07 00:00:00,,backordered
90050-3,90050,3,SKU-WR-410,Copper Wire 2.5mm,638,MTR,3929.09,6769.35,2026-07-23 00:00:00,,backordered
90051-1,90051,1,SKU-MT-101,Aluminium Ingot,656,TON,431.68,8405.34,2026-07-19 00:00:00,,received
90051-2,90051,2,SKU-AGG-220,Crushed Aggregate 20mm,363,TON,2035.53,130360.36,2026-07-13 00:00:00,,issued
90051-3,90051,3,SKU-RM-330,Raw Gypsum,420,TON,1039.25,119815.39,2026-08-02 00:00:00,,backordered
90052-1,90052,1,SKU-CEM-101,Portland Cement Type I,546,TON,1816.87,67467.96,2026-07-01 00:00:00,,issued
90052-2,90052,2,SKU-CEM-101,Portland Cement Type I,737,TON,1544.39,131041.45,2026-07-19 00:00:00,,issued
90052-3,90052,3,SKU-EL-440,Circuit Board Assy,228,EA,976.18,107056.06,2026-07-24 00:00:00,,issued
90053-1,90053,1,SKU-PL-220,HDPE Pellets,394,KG,2557.91,76224.38,2026-07-08 00:00:00,,issued
90053-2,90053,2,SKU-CEM-101,Portland Cement Type I,404,TON,62.34,86375.48,2026-07-24 00:00:00,,backordered
90053-3,90053,3,SKU-RB-201,Rubber Gasket,522,EA,3412.83,8116.76,2026-06-26 00:00:00,,backordered
90054-1,90054,1,SKU-AGG-220,Crushed Aggregate 20mm,534,TON,3252.11,45479.18,2026-07-04 00:00:00,,backordered
90055-1,90055,1,SKU-TX-330,Cotton Fabric Roll,777,MTR,3238.04,32557.57,2026-07-11 00:00:00,,received
90055-2,90055,2,SKU-STL-014,Steel Rebar 12mm,792,TON,632.5,27011.62,Jul 08 2026,,received
90056-1,90056,1,SKU-CP-330,Cast Part 330,579,EA,1149.82,87603.63,12/08/2026,,backordered
90056-2,90056,2,SKU-AGG-220,Crushed Aggregate 20mm,791,TON,1271.16,126705.21,2026-07-17 00:00:00,,issued
90057-1,90057,1,SKU-CE-500,Ceramic Tile,681,M2,3589.2,105692.83,03/08/2026,,issued
90057-2,90057,2,SKU-CP-330,Cast Part 330,176,EA,672.83,35151.08,2026-07-05 00:00:00,,received
90058-1,90058,1,SKU-RM-330,Raw Gypsum,796,TON,843.03,77275.25,2026-07-11 00:00:00,,issued
90059-1,90059,1,SKU-PL-220,HDPE Pellets,789,KG,2979.5,81007.15,2026-07-28 00:00:00,,received
90059-2,90059,2,SKU-TX-330,Cotton Fabric Roll,363,MTR,1667.75,68602.52,2026-08-12 00:00:00,,issued
90060-1,90060,1,SKU-MT-101,Aluminium Ingot,596,TON,850.31,70911.45,2026-07-17 00:00:00,,received
90060-2,90060,2,SKU-MT-101,Aluminium Ingot,497,TON,2681.28,77843.83,2026-07-16 00:00:00,,backordered
90061-1,90061,1,SKU-FS-055,Hex Bolt M12,10,EA,1809.69,54224.45,2026-07-04 00:00:00,,backordered
90061-2,90061,2,SKU-STL-014,Steel Rebar 12mm,81,TON,3529.32,130366.8,2026-07-03 00:00:00,,issued
90061-3,90061,3,SKU-PL-220,HDPE Pellets,433,KG,934.39,100934.14,2026-07-11 00:00:00,,received
90062-1,90062,1,SKU-EL-440,Circuit Board Assy,130,EA,101.59,101842.1,Jul 08 2026,,issued
90062-2,90062,2,SKU-EL-440,Circuit Board Assy,308,EA,3014.42,23168.97,2026-07-20 00:00:00,,issued
90063-1,90063,1,SKU-RM-330,Raw Gypsum,581,TON,3358.73,19845.52,2026-06-22 00:00:00,,backordered
90063-2,90063,2,SKU-FS-055,Hex Bolt M12,394,EA,560.17,130347.2,2026-07-24 00:00:00,,backordered
90064-1,90064,1,SKU-AGG-220,Crushed Aggregate 20mm,228,TON,3525.93,13059.9,2026-07-20 00:00:00,,issued
90064-2,90064,2,SKU-FS-055,Hex Bolt M12,612,EA,2888.8,147889.98,Jul 15 2026,,received
90064-3,90064,3,SKU-PK-770,Corrugated Carton,183,EA,837.81,75699.29,2026-07-22 00:00:00,,backordered
90065-1,90065,1,SKU-AGG-220,Crushed Aggregate 20mm,694,TON,2873.64,61511.87,2026-07-23 00:00:00,,backordered
90065-2,90065,2,SKU-CP-330,Cast Part 330,322,EA,1979.04,80295.21,2026-08-02 00:00:00,,backordered
90065-3,90065,3,SKU-TX-330,Cotton Fabric Roll,218,MTR,1318.19,70577.11,2026-06-29 00:00:00,,received
90066-1,90066,1,SKU-EL-440,Circuit Board Assy,361,EA,2989.13,88514.24,24/06/2026,,backordered
90066-2,90066,2,SKU-PL-220,HDPE Pellets,458,KG,1816.01,21585.25,2026-06-24 00:00:00,,received
90067-1,90067,1,SKU-CE-500,Ceramic Tile,476,M2,2292.54,88440.37,2026-07-17 00:00:00,,backordered
90067-2,90067,2,SKU-WR-410,Copper Wire 2.5mm,729,MTR,2974.03,92678.1,2026-07-17 00:00:00,,backordered
90067-3,90067,3,SKU-WR-410,Copper Wire 2.5mm,56,MTR,68.69,87443.67,2026-08-14 00:00:00,,received
90068-1,90068,1,SKU-PK-770,Corrugated Carton,42,EA,1949.39,54476.03,2026-07-14 00:00:00,,backordered
90069-1,90069,1,SKU-PL-220,HDPE Pellets,647,KG,1135.24,107642.78,2026-07-11 00:00:00,,received
90070-1,90070,1,SKU-CEM-101,Portland Cement Type I,441,TON,3905.47,127689.59,2026-06-25 00:00:00,,received
90071-1,90071,1,SKU-CEM-101,Portland Cement Type I,167,TON,3048.55,143656.55,2026-07-16 00:00:00,,issued
90071-2,90071,2,SKU-PL-220,HDPE Pellets,667,KG,3102.23,27912.23,2026-07-04 00:00:00,,issued
90071-3,90071,3,SKU-FS-055,Hex Bolt M12,635,EA,1561.63,78068.74,2026-07-20 00:00:00,,issued
90072-1,90072,1,SKU-CE-500,Ceramic Tile,158,M2,3592.75,2746.0,2026-07-23 00:00:00,,backordered
90072-2,90072,2,SKU-MT-101,Aluminium Ingot,187,TON,712.52,47440.9,2026-08-07 00:00:00,,backordered
90072-3,90072,3,SKU-TC-090,Timber Panel,170,M3,2075.98,122088.19,2026-07-27 00:00:00,,issued
90073-1,90073,1,SKU-CE-500,Ceramic Tile,401,M2,1822.89,41212.24,14/07/2026,,received
90073-2,90073,2,SKU-WR-410,Copper Wire 2.5mm,586,MTR,1318.97,122589.84,2026-06-25 00:00:00,,issued
90074-1,90074,1,SKU-FS-055,Hex Bolt M12,443,EA,1125.97,144811.41,2026-07-26 00:00:00,,issued
90075-1,90075,1,SKU-TX-330,Cotton Fabric Roll,676,MTR,3015.58,101673.15,2026-07-07 00:00:00,,received
90076-1,90076,1,SKU-AGG-220,Crushed Aggregate 20mm,556,TON,3613.86,143016.85,23/07/2026,,issued
90076-2,90076,2,SKU-CEM-101,Portland Cement Type I,334,TON,798.75,55825.21,2026-06-27 00:00:00,,issued
90076-3,90076,3,SKU-STL-014,Steel Rebar 12mm,45,TON,2856.96,141964.78,2026-06-21 00:00:00,,received
90077-1,90077,1,SKU-TX-330,Cotton Fabric Roll,273,MTR,1574.63,55208.08,2026-07-25 00:00:00,,backordered
90077-2,90077,2,SKU-AGG-220,Crushed Aggregate 20mm,334,TON,212.25,60582.9,2026-07-07 00:00:00,,issued
90077-3,90077,3,SKU-CE-500,Ceramic Tile,521,M2,1758.5,21702.55,Jul 16 2026,,issued
90078-1,90078,1,SKU-WR-410,Copper Wire 2.5mm,153,MTR,128.57,124595.46,2026-08-13 00:00:00,,backordered
90078-2,90078,2,SKU-RM-330,Raw Gypsum,648,TON,1305.62,50821.44,2026-07-17 00:00:00,,received
90079-1,90079,1,SKU-CEM-101,Portland Cement Type I,369,TON,74.92,82312.42,Jul 14 2026,,received
90079-2,90079,2,SKU-TC-090,Timber Panel,62,M3,2895.92,100885.73,2026-06-26 00:00:00,,backordered
90079-3,90079,3,SKU-WR-410,Copper Wire 2.5mm,383,MTR,2716.6,125647.99,2026-07-05 00:00:00,,backordered
90080-1,90080,1,SKU-PL-220,HDPE Pellets,25,KG,1467.89,29321.47,30/08/2026,,issued
90081-1,90081,1,SKU-CH-012,Industrial Solvent,63,LTR,558.16,15820.76,2026-07-31 00:00:00,,issued
90081-2,90081,2,SKU-WR-410,Copper Wire 2.5mm,380,MTR,2077.03,121233.12,2026-08-25 00:00:00,,received
90082-1,90082,1,SKU-PK-770,Corrugated Carton,479,EA,2588.33,98680.34,Aug 23 2026,,issued
90083-1,90083,1,SKU-CE-500,Ceramic Tile,739,M2,3635.12,321868.64,29/07/2026,,received
90084-1,90084,1,SKU-STL-014,Steel Rebar 12mm,139,TON,1140.81,103297.81,28/08/2026,,issued
90084-2,90084,2,SKU-PK-770,Corrugated Carton,474,EA,2046.82,445017.06,2026-09-12 00:00:00,,received
90085-1,90085,1,SKU-CP-330,Cast Part 330,472,EA,3550.2,742538.55,Sep 14 2026,,issued
90085-2,90085,2,SKU-CP-330,Cast Part 330,757,EA,433.69,149517.81,04/09/2026,,backordered
90086-1,90086,1,SKU-CE-500,Ceramic Tile,78,M2,418.51,4279.47,2026-08-20 00:00:00,,backordered
90086-2,90086,2,SKU-PL-220,HDPE Pellets,579,KG,295.73,164171.96,28/08/2026,,issued
90087-1,90087,1,SKU-RB-201,Rubber Gasket,691,EA,3758.64,1173398.17,2026-09-20 00:00:00,,backordered
90087-2,90087,2,SKU-PK-770,Corrugated Carton,370,EA,467.15,91961.05,Aug 2 2026,,received
90087-3,90087,3,SKU-RM-330,Raw Gypsum,368,TON,3382.32,496860.59,10/09/2026,,received
90088-1,90088,1,SKU-CP-330,Cast Part 330,584,EA,3889.97,1879879.43,2026-09-01 00:00:00,,received
90088-2,90088,2,SKU-CH-012,Industrial Solvent,39,LTR,769.04,21521.58,12/08/2026,,backordered
90089-1,90089,1,SKU-MT-101,Aluminium Ingot,156,TON,2285.64,153586.41,2026-08-02 00:00:00,,issued
90090-1,90090,1,SKU-EL-440,Circuit Board Assy,395,EA,1709.94,252508.92,16/08/2026,,backordered
90090-2,90090,2,SKU-STL-014,Steel Rebar 12mm,63,TON,671.43,32432.07,2026-07-27 00:00:00,,backordered
90090-3,90090,3,SKU-WR-410,Copper Wire 2.5mm,687,MTR,1726.38,743306.99,19/08/2026,,received
90091-1,90091,1,SKU-RM-330,Raw Gypsum,363,TON,1749.56,202647.24,Sep 5 2026,,received
90091-2,90091,2,SKU-PK-770,Corrugated Carton,56,EA,926.64,51125.05,2026-07-27 00:00:00,,received
90091-3,90091,3,SKU-PK-770,Corrugated Carton,226,EA,3075.68,539367.68,11/08/2026,,issued
90092-1,90092,1,SKU-CE-500,Ceramic Tile,774,M2,1752.47,234288.15,2026-08-27 00:00:00,,received
90093-1,90093,1,SKU-RB-201,Rubber Gasket,83,EA,1620.49,101539.84,2026-08-20 00:00:00,,issued
90093-2,90093,2,SKU-STL-014,Steel Rebar 12mm,330,TON,2322.73,455860.85,Sep 7 2026,,backordered
90093-3,90093,3,SKU-RM-330,Raw Gypsum,424,TON,141.97,21581.8,Sep 13 2026,,backordered
90094-1,90094,1,SKU-CP-330,Cast Part 330,118,EA,1016.23,73079.61,2026-08-26 00:00:00,,issued
90095-1,90095,1,SKU-TX-330,Cotton Fabric Roll,236,MTR,1368.96,67757.16,2026-08-25 00:00:00,,received
90095-2,90095,2,SKU-EL-440,Circuit Board Assy,367,EA,1439.82,507442.34,2026-09-03 00:00:00,,received
90096-1,90096,1,SKU-PL-220,HDPE Pellets,272,KG,835.28,141379.41,2026-09-10 00:00:00,,received
90097-1,90097,1,SKU-WR-410,Copper Wire 2.5mm,782,MTR,2275.48,1068535.47,05/09/2026,,backordered
90097-2,90097,2,SKU-PL-220,HDPE Pellets,460,KG,328.36,71006.18,12/08/2026,,received
90097-3,90097,3,SKU-AGG-220,Crushed Aggregate 20mm,370,TON,2053.83,262085.88,2026-08-21 00:00:00,,issued
90098-1,90098,1,SKU-PK-770,Corrugated Carton,88,EA,2593.54,223324.57,Jul 29 2026,,issued
90098-2,90098,2,SKU-AGG-220,Crushed Aggregate 20mm,470,TON,3632.57,1012559.67,05/08/2026,,received
90099-1,90099,1,SKU-PL-220,HDPE Pellets,73,KG,1830.56,109633.24,15/09/2026,,issued
90099-2,90099,2,SKU-MT-101,Aluminium Ingot,50,TON,1033.63,24076.88,2026-08-21 00:00:00,,backordered
90099-3,90099,3,SKU-RB-201,Rubber Gasket,299,EA,1582.55,371799.11,2026-09-05 00:00:00,,backordered
90100-1,90100,1,SKU-TX-330,Cotton Fabric Roll,106,MTR,2252.8,99634.62,2026-08-09 00:00:00,,backordered
90101-1,90101,1,SKU-PL-220,HDPE Pellets,368,KG,1279.21,316932.89,Sep 4 2026,,received
90102-1,90102,1,SKU-STL-014,Steel Rebar 12mm,327,TON,2256.56,487983.77,2026-08-14 00:00:00,,received
90102-2,90102,2,SKU-STL-014,Steel Rebar 12mm,671,TON,2694.89,963924.39,25/07/2026,,backordered
90102-3,90102,3,SKU-MT-101,Aluminium Ingot,229,TON,1403.01,249914.36,2026-08-05 00:00:00,,received
90103-1,90103,1,SKU-STL-014,Steel Rebar 12mm,312,TON,3378.6,153990.24,2026-09-11 00:00:00,,backordered
90103-2,90103,2,SKU-PL-220,HDPE Pellets,621,KG,1540.51,195286.98,2026-09-15 00:00:00,,issued
90104-1,90104,1,SKU-CP-330,Cast Part 330,383,EA,2718.11,286965.45,21/08/2026,,issued
90105-1,90105,1,SKU-FS-055,Hex Bolt M12,326,EA,3854.79,999236.59,2026-09-19 00:00:00,,backordered
90105-2,90105,2,SKU-WR-410,Copper Wire 2.5mm,482,MTR,3083.89,1173121.0,Aug 25 2026,,received
90106-1,90106,1,SKU-PL-220,HDPE Pellets,266,KG,265.07,35716.93,2026-08-16 00:00:00,,received
90106-2,90106,2,SKU-RM-330,Raw Gypsum,301,TON,389.63,23725.08,2026-08-21 00:00:00,,issued
90107-1,90107,1,SKU-FS-055,Hex Bolt M12,471,EA,3536.6,1555713.78,2026-08-19 00:00:00,,issued
90108-1,90108,1,SKU-RB-201,Rubber Gasket,251,EA,1577.63,50498.07,2026-08-07 00:00:00,,backordered
90108-2,90108,2,SKU-RM-330,Raw Gypsum,741,TON,2614.35,1553296.18,2026-08-01 00:00:00,,backordered
90108-3,90108,3,SKU-CE-500,Ceramic Tile,722,M2,3326.26,1851360.22,Aug 23 2026,,received
90109-1,90109,1,SKU-STL-014,Steel Rebar 12mm,29,TON,1065.78,26061.77,Aug 28 2026,,issued
90110-1,90110,1,SKU-FS-055,Hex Bolt M12,318,EA,538.86,47383.35,Sep 2 2026,,issued
90110-2,90110,2,SKU-RM-330,Raw Gypsum,521,TON,2405.18,82220.3,2026-08-25 00:00:00,,received
90111-1,90111,1,SKU-CP-330,Cast Part 330,11,EA,2476.2,7586.82,2026-08-19 00:00:00,,issued
90111-2,90111,2,SKU-RB-201,Rubber Gasket,79,EA,3806.88,170484.84,2026-09-12 00:00:00,,issued
90112-1,90112,1,SKU-AGG-220,Crushed Aggregate 20mm,660,TON,1580.44,422073.25,2026-09-09 00:00:00,,backordered
90112-2,90112,2,SKU-STL-014,Steel Rebar 12mm,363,TON,1007.62,246617.47,30/07/2026,,received
90112-3,90112,3,SKU-AGG-220,Crushed Aggregate 20mm,370,TON,2205.83,671561.34,Aug 4 2026,,issued
90113-1,90113,1,SKU-PL-220,HDPE Pellets,74,KG,2874.06,201286.06,26/07/2026,,received
90113-2,90113,2,SKU-AGG-220,Crushed Aggregate 20mm,214,TON,3541.16,265093.47,Aug 12 2026,,received
90114-1,90114,1,SKU-CH-012,Industrial Solvent,47,LTR,3020.43,32870.64,2026-08-15 00:00:00,,backordered
90114-2,90114,2,SKU-CH-012,Industrial Solvent,137,LTR,3201.42,203991.99,Aug 18 2026,,issued
90114-3,90114,3,SKU-TX-330,Cotton Fabric Roll,201,MTR,2010.08,211163.11,13/09/2026,,issued
90115-1,90115,1,SKU-STL-014,Steel Rebar 12mm,450,TON,2427.64,908060.92,27/08/2026,,backordered
90115-2,90115,2,SKU-RM-330,Raw Gypsum,91,TON,1348.73,40607.66,Aug 21 2026,,received
90115-3,90115,3,SKU-WR-410,Copper Wire 2.5mm,369,MTR,1817.22,496527.72,20/09/2026,,received
90116-1,90116,1,SKU-CH-012,Industrial Solvent,664,LTR,3911.51,2468702.92,Jul 28 2026,,backordered
90116-2,90116,2,SKU-MT-101,Aluminium Ingot,41,TON,621.12,15972.08,Sep 12 2026,,issued
90116-3,90116,3,SKU-PL-220,HDPE Pellets,78,KG,987.46,51058.17,Aug 16 2026,,received
90117-1,90117,1,SKU-PL-220,HDPE Pellets,705,KG,1828.2,518666.7,2026-08-21 00:00:00,,received
90118-1,90118,1,SKU-RB-201,Rubber Gasket,417,EA,1295.53,170042.14,2026-07-31 00:00:00,,received
90118-2,90118,2,SKU-CE-500,Ceramic Tile,540,M2,1580.86,498189.22,09/08/2026,,issued
90119-1,90119,1,SKU-PK-770,Corrugated Carton,720,EA,3661.76,1362104.9,2026-07-31 00:00:00,,issued
90119-2,90119,2,SKU-WR-410,Copper Wire 2.5mm,186,MTR,3591.81,315903.81,29/07/2026,,backordered
90120-1,90120,1,SKU-PK-770,Corrugated Carton,317,EA,3405.85,784065.2,2026-09-06 00:00:00,,backordered
90121-1,90121,1,SKU-FS-055,Hex Bolt M12,134,EA,3931.57,422761.57,Aug 8 2026,,issued
90121-2,90121,2,SKU-RB-201,Rubber Gasket,577,EA,2309.05,658214.35,2026-08-28 00:00:00,,received
90121-3,90121,3,SKU-STL-014,Steel Rebar 12mm,77,TON,1275.51,98176.49,Sep 8 2026,,received
90122-1,90122,1,SKU-CP-330,Cast Part 330,598,EA,349.84,203714.95,2026-09-03 00:00:00,,issued
90122-2,90122,2,SKU-WR-410,Copper Wire 2.5mm,706,MTR,2093.22,254062.53,2026-09-15 00:00:00,,received
90122-3,90122,3,SKU-CP-330,Cast Part 330,524,EA,3639.1,195727.23,2026-07-31 00:00:00,,backordered
90123-1,90123,1,SKU-MT-101,Aluminium Ingot,340,TON,3733.52,335370.54,26/08/2026,,issued
90123-2,90123,2,SKU-CH-012,Industrial Solvent,211,LTR,2555.77,309161.69,01/08/2026,,received
90124-1,90124,1,SKU-STL-014,Steel Rebar 12mm,524,TON,2579.08,827374.65,2026-08-30 00:00:00,,received
90124-2,90124,2,SKU-TX-330,Cotton Fabric Roll,587,MTR,221.89,113394.13,2026-07-29 00:00:00,,received
90124-3,90124,3,SKU-CH-012,Industrial Solvent,676,LTR,888.48,356481.73,2026-09-01 00:00:00,,issued
90125-1,90125,1,SKU-PK-770,Corrugated Carton,667,EA,3819.64,1296263.53,Sep 13 2026,,backordered
90125-2,90125,2,SKU-WR-410,Copper Wire 2.5mm,84,MTR,2766.25,46513.99,Aug 19 2026,,issued
90125-3,90125,3,SKU-EL-440,Circuit Board Assy,358,EA,2444.17,303588.66,07/09/2026,,backordered
90126-1,90126,1,SKU-PL-220,HDPE Pellets,788,KG,1516.22,697236.95,2026-08-13 00:00:00,,issued
90126-2,90126,2,SKU-RM-330,Raw Gypsum,283,TON,1826.91,95044.91,27/07/2026,,issued
90126-3,90126,3,SKU-CP-330,Cast Part 330,264,EA,3843.36,920483.01,14/09/2026,,received
90127-1,90127,1,SKU-EL-440,Circuit Board Assy,791,EA,686.22,540721.61,Aug 22 2026,,backordered
90127-2,90127,2,SKU-CE-500,Ceramic Tile,33,M2,413.89,5785.41,2026-08-22 00:00:00,,received
90128-1,90128,1,SKU-RB-201,Rubber Gasket,59,EA,258.62,7936.74,Sep 18 2026,,backordered
90128-2,90128,2,SKU-CEM-101,Portland Cement Type I,120,TON,1753.55,186928.35,08/09/2026,,issued
90128-3,90128,3,SKU-RB-201,Rubber Gasket,56,EA,1634.29,54158.71,05/08/2026,,received
90129-1,90129,1,SKU-STL-014,Steel Rebar 12mm,405,TON,2041.72,641823.84,2026-08-10 00:00:00,,received
90129-2,90129,2,SKU-RM-330,Raw Gypsum,413,TON,1526.67,622600.67,28/08/2026,,received
90130-1,90130,1,SKU-TC-090,Timber Panel,522,M3,218.2,9905.72,07/09/2026,,issued
90130-2,90130,2,SKU-WR-410,Copper Wire 2.5mm,162,MTR,2442.6,213571.98,13/08/2026,,received
90131-1,90131,1,SKU-PK-770,Corrugated Carton,617,EA,1381.95,713572.4,Aug 27 2026,,received
90131-2,90131,2,SKU-PK-770,Corrugated Carton,496,EA,3265.89,647855.25,2026-09-05 00:00:00,,issued
90131-3,90131,3,SKU-PK-770,Corrugated Carton,752,EA,3487.35,1698840.54,Aug 31 2026,,backordered
90132-1,90132,1,SKU-FS-055,Hex Bolt M12,748,EA,261.83,99183.01,Aug 26 2026,,received
90132-2,90132,2,SKU-FS-055,Hex Bolt M12,42,EA,2310.2,69423.32,2026-08-05 00:00:00,,issued
90132-3,90132,3,SKU-TX-330,Cotton Fabric Roll,438,MTR,655.12,202574.34,Aug 19 2026,,issued
90133-1,90133,1,SKU-EL-440,Circuit Board Assy,584,EA,1337.44,530433.29,Aug 26 2026,,backordered
90133-2,90133,2,SKU-MT-101,Aluminium Ingot,480,TON,3644.65,656405.55,15/08/2026,,received
90134-1,90134,1,SKU-EL-440,Circuit Board Assy,262,EA,1156.5,101073.98,12/08/2026,,received
90134-2,90134,2,SKU-CE-500,Ceramic Tile,334,M2,1945.63,378508.14,12/09/2026,,backordered
90134-3,90134,3,SKU-RM-330,Raw Gypsum,597,TON,2719.13,666713.16,18/08/2026,,received
90135-1,90135,1,SKU-AGG-220,Crushed Aggregate 20mm,304,TON,3814.38,145036.85,21/08/2026,,issued
90135-2,90135,2,SKU-EL-440,Circuit Board Assy,216,EA,3313.85,220160.38,28/08/2026,,received
90136-1,90136,1,SKU-FS-055,Hex Bolt M12,258,EA,259.51,60922.74,2026-08-07 00:00:00,,issued
90137-1,90137,1,SKU-CP-330,Cast Part 330,348,EA,2879.22,145804.12,2026-09-11 00:00:00,,issued
90138-1,90138,1,SKU-MT-101,Aluminium Ingot,426,TON,2625.87,991785.92,Aug 23 2026,,received
90138-2,90138,2,SKU-PK-770,Corrugated Carton,338,EA,1181.68,42418.89,2026-09-11 00:00:00,,received
90138-3,90138,3,SKU-FS-055,Hex Bolt M12,557,EA,2963.04,1415751.66,2026-07-26 00:00:00,,issued
90139-1,90139,1,SKU-AGG-220,Crushed Aggregate 20mm,416,TON,3156.69,298087.36,09/09/2026,,issued
90139-2,90139,2,SKU-CEM-101,Portland Cement Type I,315,TON,2292.09,109698.81,14/08/2026,,issued
90140-1,90140,1,SKU-CE-500,Ceramic Tile,147,M2,3404.66,247549.77,2026-08-05 00:00:00,,backordered
90140-2,90140,2,SKU-MT-101,Aluminium Ingot,758,TON,1863.53,415858.72,2026-08-04 00:00:00,,backordered
90140-3,90140,3,SKU-PK-770,Corrugated Carton,591,EA,2710.4,374036.3,Sep 1 2026,,issued
90141-1,90141,1,SKU-TX-330,Cotton Fabric Roll,98,MTR,1635.27,22534.6,Aug 1 2026,,backordered
90141-2,90141,2,SKU-FS-055,Hex Bolt M12,16,EA,1084.89,4751.73,10/09/2026,,backordered
90141-3,90141,3,SKU-PK-770,Corrugated Carton,606,EA,2900.93,106996.6,03/09/2026,,received
90142-1,90142,1,SKU-RM-330,Raw Gypsum,486,TON,1265.75,267681.89,25/08/2026,,issued
90143-1,90143,1,SKU-RB-201,Rubber Gasket,639,EA,927.94,568934.6,2026-08-23 00:00:00,,issued
90143-2,90143,2,SKU-RB-201,Rubber Gasket,435,EA,2818.63,1124529.97,2026-09-10 00:00:00,,received
90144-1,90144,1,SKU-STL-014,Steel Rebar 12mm,548,TON,1815.72,714995.39,2026-07-28 00:00:00,,issued
90144-2,90144,2,SKU-EL-440,Circuit Board Assy,596,EA,2169.07,266710.88,Sep 16 2026,,issued
90144-3,90144,3,SKU-EL-440,Circuit Board Assy,744,EA,2351.77,238651.87,Aug 25 2026,,issued
90145-1,90145,1,SKU-PL-220,HDPE Pellets,535,KG,1692.62,530395.78,Aug 28 2026,,backordered
90145-2,90145,2,SKU-CEM-101,Portland Cement Type I,415,TON,1060.02,23255.62,2026-08-06 00:00:00,,issued
90145-3,90145,3,SKU-CP-330,Cast Part 330,362,EA,2812.51,574331.78,2026-07-27 00:00:00,,issued
90146-1,90146,1,SKU-PK-770,Corrugated Carton,428,EA,767.33,58674.18,Sep 3 2026,,backordered
90147-1,90147,1,SKU-WR-410,Copper Wire 2.5mm,396,MTR,1536.29,425004.12,2026-09-04 00:00:00,,backordered
90147-2,90147,2,SKU-RM-330,Raw Gypsum,192,TON,3961.89,322077.47,2026-08-01 00:00:00,,issued
90147-3,90147,3,SKU-CEM-101,Portland Cement Type I,315,TON,1879.61,434075.01,Aug 20 2026,,received
90148-1,90148,1,SKU-WR-410,Copper Wire 2.5mm,364,MTR,669.63,55831.43,2026-09-18 00:00:00,,issued
90148-2,90148,2,SKU-CP-330,Cast Part 330,639,EA,3070.59,1745429.16,2026-07-25 00:00:00,,received
90149-1,90149,1,SKU-RM-330,Raw Gypsum,618,TON,191.95,73297.93,2026-09-07 00:00:00,,received
90150-1,90150,1,SKU-TC-090,Timber Panel,459,M3,980.95,115448.24,2026-09-17 00:00:00,,received
90151-1,90151,1,SKU-PK-770,Corrugated Carton,249,EA,3266.04,605819.26,13/08/2026,,received
90151-2,90151,2,SKU-PK-770,Corrugated Carton,156,EA,3933.78,334565.65,19/08/2026,,backordered
90151-3,90151,3,SKU-AGG-220,Crushed Aggregate 20mm,580,TON,3787.68,1945815.89,2026-09-20 00:00:00,,issued
90152-1,90152,1,SKU-CE-500,Ceramic Tile,58,M2,3881.1,212612.13,Sep 4 2026,,received
90152-2,90152,2,SKU-TX-330,Cotton Fabric Roll,723,MTR,1696.16,235155.82,2026-08-17 00:00:00,,received
90152-3,90152,3,SKU-CE-500,Ceramic Tile,256,M2,3397.91,292013.32,2026-09-07 00:00:00,,issued
90153-1,90153,1,SKU-CP-330,Cast Part 330,436,EA,2250.14,174028.57,08/08/2026,,received
90154-1,90154,1,SKU-STL-014,Steel Rebar 12mm,470,TON,3389.23,219571.86,2026-09-08 00:00:00,,issued
90154-2,90154,2,SKU-CH-012,Industrial Solvent,396,LTR,2707.53,667729.08,2026-09-17 00:00:00,,received
90155-1,90155,1,SKU-EL-440,Circuit Board Assy,500,EA,880.93,401563.65,2026-08-12 00:00:00,,received
90155-2,90155,2,SKU-EL-440,Circuit Board Assy,769,EA,521.05,400524.53,2026-08-23 00:00:00,,received
90155-3,90155,3,SKU-EL-440,Circuit Board Assy,416,EA,3656.45,873824.77,11/09/2026,,issued
90156-1,90156,1,SKU-RB-201,Rubber Gasket,325,EA,1087.94,189934.86,Aug 24 2026,,issued
90156-2,90156,2,SKU-CE-500,Ceramic Tile,789,M2,3360.14,2435383.86,16/08/2026,,issued
90156-3,90156,3,SKU-AGG-220,Crushed Aggregate 20mm,586,TON,3455.85,1527330.88,25/07/2026,,received
90157-1,90157,1,SKU-CP-330,Cast Part 330,312,EA,658.98,74709.93,2026-08-17 00:00:00,,issued
90157-2,90157,2,SKU-TX-330,Cotton Fabric Roll,273,MTR,3060.01,429545.48,Sep 8 2026,,issued
90157-3,90157,3,SKU-MT-101,Aluminium Ingot,760,TON,3184.25,510148.19,Sep 8 2026,,received
90158-1,90158,1,SKU-AGG-220,Crushed Aggregate 20mm,546,TON,192.93,89998.36,2026-09-14 00:00:00,,issued
90158-2,90158,2,SKU-CP-330,Cast Part 330,150,EA,3371.2,136463.68,2026-09-07 00:00:00,,issued
90158-3,90158,3,SKU-EL-440,Circuit Board Assy,527,EA,1852.12,104856.57,Sep 2 2026,,issued
90159-1,90159,1,SKU-CEM-101,Portland Cement Type I,554,TON,2227.96,75610.65,26/08/2026,,received
90160-1,90160,1,SKU-CEM-101,Portland Cement Type I,524,TON,3255.71,1177699.71,2026-09-13 00:00:00,,issued
90160-2,90160,2,SKU-RM-330,Raw Gypsum,546,TON,645.17,81843.14,26/08/2026,,backordered
90161-1,90161,1,SKU-TC-090,Timber Panel,90,M3,1526.09,59846.14,2026-08-29 00:00:00,,received
90161-2,90161,2,SKU-PK-770,Corrugated Carton,710,EA,3314.28,297874.6,2026-09-16 00:00:00,,issued
90162-1,90162,1,SKU-TC-090,Timber Panel,396,M3,2232.12,91317.01,2026-07-24 00:00:00,,issued
90162-2,90162,2,SKU-CE-500,Ceramic Tile,454,M2,2594.49,429587.92,2026-09-16 00:00:00,,received
90162-3,90162,3,SKU-AGG-220,Crushed Aggregate 20mm,245,TON,890.87,190917.19,Sep 18 2026,,backordered
90163-1,90163,1,SKU-STL-014,Steel Rebar 12mm,710,TON,3697.55,2374144.01,2026-08-29 00:00:00,,received
90164-1,90164,1,SKU-CEM-101,Portland Cement Type I,222,TON,2367.05,401807.84,Sep 7 2026,,issued
90164-2,90164,2,SKU-PK-770,Corrugated Carton,176,EA,2276.36,235720.62,Sep 16 2026,,received
90165-1,90165,1,SKU-TC-090,Timber Panel,783,M3,2967.2,1860915.09,2026-09-06 00:00:00,,received
90165-2,90165,2,SKU-RB-201,Rubber Gasket,64,EA,443.91,7686.02,28/07/2026,,received
90166-1,90166,1,SKU-TC-090,Timber Panel,344,M3,176.43,18793.9,Aug 21 2026,,received
90166-2,90166,2,SKU-RB-201,Rubber Gasket,576,EA,3758.69,996455.77,Sep 5 2026,,issued
90166-3,90166,3,SKU-PK-770,Corrugated Carton,262,EA,2862.52,95949.55,Aug 2 2026,,received
90167-1,90167,1,SKU-TX-330,Cotton Fabric Roll,379,MTR,478.75,9967.83,Aug 12 2026,,backordered
90167-2,90167,2,SKU-CH-012,Industrial Solvent,114,LTR,580.75,15096.32,Aug 21 2026,,issued
90167-3,90167,3,SKU-CEM-101,Portland Cement Type I,101,TON,1450.88,20282.6,31/08/2026,,issued
90168-1,90168,1,SKU-PK-770,Corrugated Carton,433,EA,1584.05,89484.8,2026-09-19 00:00:00,,received
90169-1,90169,1,SKU-MT-101,Aluminium Ingot,711,TON,1556.28,201272.94,12/08/2026,,issued
90169-2,90169,2,SKU-PL-220,HDPE Pellets,74,KG,717.13,16565.79,Aug 12 2026,,issued
90169-3,90169,3,SKU-RB-201,Rubber Gasket,267,EA,3770.79,739852.17,2026-08-24 00:00:00,,issued
90170-1,90170,1,SKU-PL-220,HDPE Pellets,321,KG,86.6,11839.63,Sep 15 2026,,backordered
90171-1,90171,1,SKU-TX-330,Cotton Fabric Roll,450,MTR,3264.82,1273083.49,2026-08-31 00:00:00,,backordered
90171-2,90171,2,SKU-TX-330,Cotton Fabric Roll,627,MTR,3782.81,571155.85,2026-08-13 00:00:00,,issued
90171-3,90171,3,SKU-TX-330,Cotton Fabric Roll,308,MTR,2948.06,591343.28,2026-08-29 00:00:00,,backordered
90172-1,90172,1,SKU-CH-012,Industrial Solvent,412,LTR,1494.51,576000.72,2026-08-05 00:00:00,,received
90172-2,90172,2,SKU-CEM-101,Portland Cement Type I,754,TON,1874.18,1021621.74,21/08/2026,,issued
90172-3,90172,3,SKU-CP-330,Cast Part 330,699,EA,2022.26,921173.4,08/08/2026,,received
90173-1,90173,1,SKU-TC-090,Timber Panel,85,M3,1824.83,95864.08,Aug 30 2026,,received
90173-2,90173,2,SKU-CP-330,Cast Part 330,566,EA,204.49,112269.87,2026-09-06 00:00:00,,issued
90173-3,90173,3,SKU-FS-055,Hex Bolt M12,683,EA,2672.25,379669.89,2026-09-01 00:00:00,,received
90174-1,90174,1,SKU-TX-330,Cotton Fabric Roll,450,MTR,476.36,30798.72,2026-08-07 00:00:00,,issued
90174-2,90174,2,SKU-RB-201,Rubber Gasket,410,EA,1879.84,536105.67,2026-09-06 00:00:00,,backordered
90174-3,90174,3,SKU-CEM-101,Portland Cement Type I,504,TON,470.88,105650.89,2026-07-29 00:00:00,,received
90175-1,90175,1,SKU-PK-770,Corrugated Carton,361,EA,1849.46,164592.97,23/08/2026,,issued
90175-2,90175,2,SKU-RM-330,Raw Gypsum,458,TON,2897.44,636740.76,28/07/2026,,issued
90176-1,90176,1,SKU-CEM-101,Portland Cement Type I,361,TON,2606.52,652346.62,2026-08-03 00:00:00,,received
90177-1,90177,1,SKU-MT-101,Aluminium Ingot,348,TON,2260.21,755515.29,Aug 7 2026,,received
90177-2,90177,2,SKU-MT-101,Aluminium Ingot,665,TON,2643.22,748451.97,2026-09-09 00:00:00,,issued
90178-1,90178,1,SKU-CP-330,Cast Part 330,408,EA,77.49,8032.22,2026-08-10 00:00:00,,received
90178-2,90178,2,SKU-RM-330,Raw Gypsum,559,TON,794.75,159795.84,2026-08-22 00:00:00,,backordered
90178-3,90178,3,SKU-CE-500,Ceramic Tile,550,M2,3856.05,737483.63,Aug 17 2026,,received
90179-1,90179,1,SKU-RB-201,Rubber Gasket,370,EA,3382.88,796678.33,14/09/2026,,received
90180-1,90180,1,SKU-STL-014,Steel Rebar 12mm,698,TON,586.41,66296.03,2026-08-12 00:00:00,,received
90180-2,90180,2,SKU-RB-201,Rubber Gasket,720,EA,615.54,185713.88,2026-08-31 00:00:00,,received
90180-3,90180,3,SKU-TC-090,Timber Panel,443,M3,790.01,228787.58,2026-09-06 00:00:00,,received
90181-1,90181,1,SKU-CE-500,Ceramic Tile,305,M2,611.37,65049.5,2026-08-21 00:00:00,,backordered
90181-2,90181,2,SKU-CEM-101,Portland Cement Type I,506,TON,596.58,248877.85,Aug 28 2026,,issued
90182-1,90182,1,SKU-CP-330,Cast Part 330,737,EA,3360.77,1273775.4,2026-07-29 00:00:00,,received
90182-2,90182,2,SKU-PK-770,Corrugated Carton,43,EA,1140.17,27490.99,Aug 3 2026,,received
90182-3,90182,3,SKU-CE-500,Ceramic Tile,572,M2,2067.47,702552.8,10/08/2026,,received
90183-1,90183,1,SKU-WR-410,Copper Wire 2.5mm,569,MTR,918.87,237314.13,2026-09-09 00:00:00,,backordered
90184-1,90184,1,SKU-WR-410,Copper Wire 2.5mm,279,MTR,1429.91,329485.46,2026-08-21 00:00:00,,received
90185-1,90185,1,SKU-RB-201,Rubber Gasket,737,EA,2458.33,827550.5,2026-09-01 00:00:00,,received
90185-2,90185,2,SKU-EL-440,Circuit Board Assy,70,EA,2300.39,89477.52,2026-08-31 00:00:00,,backordered
90186-1,90186,1,SKU-PK-770,Corrugated Carton,596,EA,1110.66,572666.44,2026-09-19 00:00:00,,received
90186-2,90186,2,SKU-CP-330,Cast Part 330,70,EA,3960.47,242217.06,2026-08-01 00:00:00,,received
90187-1,90187,1,SKU-TX-330,Cotton Fabric Roll,263,MTR,3052.59,555898.63,2026-08-24 00:00:00,,received
90187-2,90187,2,SKU-CH-012,Industrial Solvent,652,LTR,1687.9,527576.22,2026-09-02 00:00:00,,issued
90188-1,90188,1,SKU-CH-012,Industrial Solvent,721,LTR,3739.8,1080223.66,24/08/2026,,received
90188-2,90188,2,SKU-CEM-101,Portland Cement Type I,760,TON,426.05,315231.2,02/09/2026,,issued
90188-3,90188,3,SKU-TC-090,Timber Panel,233,M3,3864.75,750650.5,24/08/2026,,backordered
90189-1,90189,1,SKU-TX-330,Cotton Fabric Roll,570,MTR,2331.28,781132.56,24/08/2026,,issued
90189-2,90189,2,SKU-AGG-220,Crushed Aggregate 20mm,111,TON,2520.89,236409.68,2026-07-25 00:00:00,,received
90190-1,90190,1,SKU-WR-410,Copper Wire 2.5mm,10,MTR,3957.92,18064.32,2026-09-06 00:00:00,,backordered
90190-2,90190,2,SKU-MT-101,Aluminium Ingot,290,TON,426.83,48573.23,29/07/2026,,received
90190-3,90190,3,SKU-AGG-220,Crushed Aggregate 20mm,415,TON,2518.62,773143.08,2026-09-10 00:00:00,,issued
90191-1,90191,1,SKU-RM-330,Raw Gypsum,11,TON,898.75,1226.31,2026-08-30 00:00:00,,received
90192-1,90192,1,SKU-CEM-101,Portland Cement Type I,18,TON,2793.7,41549.48,Sep 17 2026,,received
90192-2,90192,2,SKU-CE-500,Ceramic Tile,82,M2,959.76,10613.88,2026-09-13 00:00:00,,issued
90192-3,90192,3,SKU-TX-330,Cotton Fabric Roll,386,MTR,3522.29,245099.65,2026-09-11 00:00:00,,received
90193-1,90193,1,SKU-CEM-101,Portland Cement Type I,634,TON,2614.58,775933.82,2026-09-08 00:00:00,,received
90194-1,90194,1,SKU-WR-410,Copper Wire 2.5mm,232,MTR,400.68,13519.95,2026-09-10 00:00:00,,received
90194-2,90194,2,SKU-TC-090,Timber Panel,369,M3,3845.57,494922.02,2026-08-01 00:00:00,,backordered
90194-3,90194,3,SKU-STL-014,Steel Rebar 12mm,264,TON,2234.85,365804.66,31/08/2026,,issued
90195-1,90195,1,SKU-EL-440,Circuit Board Assy,540,EA,2445.22,302658.74,18/08/2026,,issued
90195-2,90195,2,SKU-FS-055,Hex Bolt M12,516,EA,1576.53,226986.07,2026-09-02 00:00:00,,received
90196-1,90196,1,SKU-RB-201,Rubber Gasket,334,EA,578.69,167725.36,Aug 29 2026,,backordered
90197-1,90197,1,SKU-MT-101,Aluminium Ingot,791,TON,1911.09,1493529.03,2026-07-28 00:00:00,,received
90197-2,90197,2,SKU-STL-014,Steel Rebar 12mm,24,TON,1090.39,2298.6,Jul 27 2026,,received
90197-3,90197,3,SKU-PK-770,Corrugated Carton,653,EA,2860.63,1454706.7,Aug 20 2026,,issued
90198-1,90198,1,SKU-PL-220,HDPE Pellets,294,KG,388.54,14286.9,2026-09-20 00:00:00,,received
90198-2,90198,2,SKU-TX-330,Cotton Fabric Roll,410,MTR,2364.7,751444.43,2026-09-03 00:00:00,,backordered
90198-3,90198,3,SKU-CP-330,Cast Part 330,757,EA,3806.97,797431.07,2026-08-08 00:00:00,,issued
90199-1,90199,1,SKU-WR-410,Copper Wire 2.5mm,636,MTR,2452.71,536341.59,2026-09-09 00:00:00,,issued
90200-1,90200,1,SKU-PL-220,HDPE Pellets,728,KG,104.61,39722.42,15/08/2026,,received
90201-1,90201,1,SKU-PL-220,HDPE Pellets,777,KG,3129.82,742513.82,2026-09-18 00:00:00,,issued
90201-2,90201,2,SKU-TX-330,Cotton Fabric Roll,449,MTR,1128.88,56099.24,2026-09-07 00:00:00,,issued
90202-1,90202,1,SKU-RB-201,Rubber Gasket,66,EA,2023.47,78599.18,2026-08-16 00:00:00,,backordered
90202-2,90202,2,SKU-RM-330,Raw Gypsum,597,TON,2709.29,258090.9,2026-09-09 00:00:00,,issued
90202-3,90202,3,SKU-CEM-101,Portland Cement Type I,260,TON,240.71,24769.59,2026-09-20 00:00:00,,received
90203-1,90203,1,SKU-CP-330,Cast Part 330,239,EA,1324.68,141026.84,08/09/2026,,backordered
90204-1,90204,1,SKU-RB-201,Rubber Gasket,132,EA,2033.02,243359.41,2026-08-04 00:00:00,,received
90205-1,90205,1,SKU-TC-090,Timber Panel,80,M3,3506.58,244823.98,11/09/2026,,backordered
90206-1,90206,1,SKU-WR-410,Copper Wire 2.5mm,18,MTR,1509.85,8887.39,12/09/2026,,received
90207-1,90207,1,SKU-WR-410,Copper Wire 2.5mm,387,MTR,2385.35,478820.97,2026-09-11 00:00:00,,received
90207-2,90207,2,SKU-FS-055,Hex Bolt M12,164,EA,85.07,6132.15,07/08/2026,,issued
90208-1,90208,1,SKU-CEM-101,Portland Cement Type I,787,TON,2643.2,1781805.77,08/09/2026,,issued
90208-2,90208,2,SKU-EL-440,Circuit Board Assy,552,EA,3923.64,972087.41,2026-07-27 00:00:00,,backordered
90209-1,90209,1,SKU-AGG-220,Crushed Aggregate 20mm,247,TON,3586.34,481686.71,06/09/2026,,issued
